{
    "utterances": [
        {
            "text": "fire spell",
            "entities": [
                {
                    "entity": "magic:magic",
                    "start": 0,
                    "end": 4,
                    "body": "fire",
                    "entities": []
                }
            ],
            "traits": [],
            "intent": "spell"
        },
        {
            "text": "lightening spell",
            "entities": [],
            "traits": []
        },
        {
            "text": "meteor shower",
            "entities": [],
            "traits": []
        },
        {
            "text": "teleportation spell",
            "entities": [],
            "traits": []
        }
    ]
}
