{
    "name": "magic",
    "roles": [
        "magic"
    ],
    "lookups": [
        "free-text",
        "keywords"
    ],
    "keywords": [
        {
            "keyword": "fire",
            "synonyms": [
                "fire"
            ]
        },
        {
            "keyword": "lightening",
            "synonyms": [
                "lightening"
            ]
        },
        {
            "keyword": "meteor",
            "synonyms": [
                "meteor"
            ]
        },
        {
            "keyword": "teleportation",
            "synonyms": [
                "teleportation"
            ]
        }
    ]
}
