{
    "utterances": [
        {
            "text": "fire spell",
            "entities": [],
            "traits": [],
            "intent": "fire_spell"
        },
        {
            "text": "lightening spell",
            "entities": [],
            "traits": [],
            "intent": "lightening_spell"
        },
        {
            "text": "meteor shower",
            "entities": [],
            "traits": [],
            "intent": "meteor_shower"
        },
        {
            "text": "teleportation spell",
            "entities": [],
            "traits": [],
            "intent": "teleportation_spell"
        }
    ]
}
